Video Name,Uploader Name,Play Count,DM Count
全片！原创动画《浮生一戏》,丁丁框sheya,210000,440
来去曼波🎵加长版,还给我神ID,249000,115
揭秘！吃一顿国宴是什么体验？,特厨隋坡,6658000,33000
热热热热热热热热！,小傲想睡觉,386000,6042
“花 海”,天气温云,249000,504
痛婚纱的诞生vlog,原天疯子,107000,77
突发！紧急任务下达！,腥味猫罐,308000,226
【墨清弦原创曲】独占春【2025官方生贺曲】,墨清弦,79000,400
【鱼肉肉】⁵²⁰的奶油苏打和冕形灯♥︎,鱼肉肉pabo,348000,102
12万的萤火虫，它贵吗？,难评H2S,395000,4058
“ 如果你逢赌必输 那就赌我不会出现吧 ”,星有野,5083000,4098
挑战从一条裤衩开始城市生存赚钱！能活几天？【负债生存 3】,抽象老谢,433000,1683
你可能没玩过，但一定听过的神级游戏配乐...,口无遮拦的柏哥,372000,4475
《腿》,韩波格_,2269000,836
金瓶梅｜贪嗔痴爱之死,科皮亚波工业区,301000,112
【何同学】边充边玩伤电池？24部手机，6个月，告诉你更好的充电方式,老师好我叫何同学,3839000,7286
沙漏腰3.0进阶｜30分钟站立无跑跳核心训练｜髋灵活、胸椎灵活提升,欧阳春晓Aurora,547000,896
芦苇泥瓦搭出的屋顶，守护着孩子们的小小梦想，希望这次能帮助他们过上冬暖夏凉的日子,李维刚的日常,325000,3398
"你可能不认识我,但你一定听过我的声音",配音演员李世宏,1679000,31000
5小时讲《三言二拍》睡觉听这个不用换集。,姜不够,381000,593
《小杨有约15#》：伢伢gagako,小杨Johnson,445000,2561
👈🤓这才是真狗⚡⚡⚡,去码头整点薯条vv,122000,160
仿真花束 / 巡音ルカ,謎J_official,74000,3341
“仙人模式”登场！,小羊肖恩max,208000,204
老铁你还在这样做有氧吗,维亚德,288000,54
误入黑店，笑着走出,-显眼宝-,10939000,16000
这才是猛男该看的动画！把女孩放锅里煮能把米饭变香，还能给皮鞋除臭,长片短解,183000,311
《 鳞 甲 下 的 哀 伤 》我曾以鳞甲对抗世间万难，却败在了人心,即刻自然说,69000,142
“她的五重宇宙”，女性被激素影响的一生,朵朵花林,1527000,238
谭谈交通纯爱篇：青春大概如此，美好尚未美满,谭乔,1063000,10000
《崩坏：星穹铁道》风堇角色PV——「有求必应」,崩坏星穹铁道,2798000,47000
《 泡 面 百 科 全 书 》,李哥我饿了,401000,345
茄 的 味 道,張皓禹-Skana,305000,53
“洒家会些医术，也略懂一些拳脚”,张易_1102,123000,123
【R.E.D组合】《爱意弥漫》Performance Video,RED_OFFICIAL_,133000,4829
探秘美国最辣死神炸鸡店！3200000辣度这是人吃的？！,子文又饿了,159000,1715
G-BLOCK CYPHER Official Music Video,GAI周延,268000,1277
《 当 代 年 轻 人 感 情 现 状 ：》,龙大人不喷火,663000,158
演技分析: 周迅VS佘诗曼，高能名场面细节大比拼!《演技擂台赛》第二期：谁才是真正的那拉皇后？,雁林山上,64000,883
朋友说我的恋爱脑小猫起号会爆火,顶瓜瓜的漂亮主人,462000,319
软萌女主，谁看了都想欺负一下【02】,圆桌动漫,214000,2753
好想把你一口吃掉~【原神剧场】,哈米伦的弄笛者,172000,466
被黑心MCN压榨是一种什么体验？,潮汕好男人,306000,185
i人团队是什么梗【梗指南】,梗指南,282000,346
当他要和生活去对线,依哈,255000,283
童年爆红的森林冰火人!最终大结局到底是啥？！,喵喵太难啦,62000,552
“傣族少女的腰，百分之九十九的人都抗不住”,紫颜-小仙紫,256000,1233
⚡️建议严查刑天编剧！这台词是我能免费听的？⚡️,光锯,510000,94
当你520跟有对象的兄弟打游戏！,速凌电竞,467000,767
伟大的妈妈，在妈妈心中，孩子永远是比选题！,爱画画的子衿,211000,1197
难怪能登上央视！游戏里的npc能有多浪漫【燕云十六声】,谁不重要i,103000,264
⚡️暗区全明星⚡️,可恶der盗妻人,215000,2155
【打破次元壁】我把篮球打进了画中的篮筐,神笔靳强,202000,230
【单依纯《珠玉》歌手舞台】谁去明天遇见我，别让今天叫住我,单依纯,2322000,4528
《难念的经》- 周華健 翻唱,曼笛AmandaJade,124000,669
“爱是面对世界最坚硬的铠甲”,不知名鸽子-,187000,45
日本帝银事件,X调查,178000,1083
斩击非洲大蜗牛对不起期待的粉丝朋友了，开始更新,蜗牛主任,249000,556
60个女人挤一间房，震撼上亿人，我妈就是其中一个！！,王小七Fire,2284000,5993
佛跳墙那么有名，为什么很少见闽菜馆？,赛博食录,337000,1568
工作能力都不强，使坏全是点子王,小缸,309000,4438
现在的钱，感觉越来越不经花了,是老胡没错,471000,832
特厨隋坡超级冤种：请MCN拿出证据证明商单分成并非500，不要顾左右而言他,唯一讲述者,680000,5440
不要相信你的第一眼,李万基fit,939000,893
美国最便宜酒店 VS 美国总统酒店！价格差20倍！到底多大区别？,HOLA小测佬,2114000,15000
《幻影忍者》全系列大盘点！15年20部！走进史诗级的忍者宇宙！,芙芙家的洗碗君,45000,366
日农业大臣：“你吃不起饭？人家送我的米可堆得能开店啦！”,波士顿圆脸,592000,5745
【我爱蕉研】小伙爆肝硬数崩铁强制战斗失败要多少回合，只为测出风堇大世界最高能打出多少伤害,这看缘吧,176000,265
现在在网上说什么都要被骂,女孩为何穿短裙,1882000,5463
大兵131，史上最大赢家，别再说我没出心了!!,杨齐家_,937000,1704
小团体续集之结尾超精彩！,吴一斤斤,129000,295
人生中有大起大落，大叔几年前只是痛风而已，然后去年就说出了车祸，真的多灾多难，祝大叔顺顺利利#广式烧腊 #美食 #助人为乐,bil品鲜园烧腊快餐店,210000,119
世界上最凉10级薄荷糖Vs世界上最辣死神薯片，谁更厉害？,赛亚人阿廖,178000,1411
【驼】这些演员，没有童年滤镜，演技也比流量好。[满汉全席第二期],麦驼oat,111000,1154
芬兰家人计划中国行超期待！被12道中式面食碳水宴大惊艳！刀削面油泼面担担面疯狂炫碳到站不起来！,雨琪在芬兰,331000,4036
【大鸣王潮1566】压力，好大的压力,寞桀緣才,291000,2401
不要忘了你玩这游戏的初衷，我只示范一次看清楚了，成男队的合轴张力！,小弑弑,2088000,4547
林译，上海人，还没打过仗。,小秋怎么了,1628000,841
本游泳池绝对安全，请您立即下水游泳！|独立恐怖游戏 Sharks and Minnows,半夏-Gamer,223000,969
新冠又来了！已经造成多人死亡，记住这个药，可以救命！,派克曾,754000,340
走心了，家人们,小潮院长,3571000,82000
学了三年摄像 终于要毕业了！,落九川,281000,243
去了一趟世界尽头。,影视飓风,3794000,22000
请了一只芬兰小狗当徒步导游！！北欧还是太超前了。。。,宝剑嫂,94000,365
蹭个热度，声援一波手艺人,大雷的食品科普日常,214000,225
全球排名第一自助泡面店！1000多个选择，到底有多离谱？,Meetfood觅食,1529000,16000
西安机械工程师街头卖鱿鱼，靠鱿鱼培养出俩孩子，一个硕士，一个博士。父爱伟大感人至深。#人间烟火 #西安美食 #大爷永远是大爷,曾哥振弟,2245000,3106
本科毕设 一种可在球形和六足形态切换的可变形机器人设计与开发,诸葛p,1107000,598
那天，好像有点懂了什么是表演——故事有点长，但是是我的真实经历,石艺青,144000,113
三角洲行动 全网首发，M14半改新时代！S4赛季3款究极版M14！更稳更强更接近满改！【S】,Always聪聪,328000,239
【时代少年团】《全世界我最美》练习室版,时代少年团,133000,5564
“我！追！着！梦！的！光！点！”,青年鲍里斯,798000,329
爆氪3万坐天牢！威震华夏的关羽不如路边的小兵！最尊重江东鼠辈的游戏！,一叮当猫一,135000,369
我在西部被吊带袜天使追杀,乔尔李维斯,231000,245
语言的边界就是思想的边界：嘴巴是如何让脑子硬化的？,王阿华的解忧平行宇宙,837000,854
学一下嗲嗲的《珠玉》吧,黄龄,1069000,1702
520之五毛特效巨献：《咱家的杏》，祝大家拥有酸酸甜甜的一天！我的线下首唱等你们来哟～ #腾格尔MMD巡回演唱会# #520爱的千万种表达# #歌手UP计划,腾格尔,154000,384
大橘和军见面了哈哈哈哈~,汪丷先生,106000,390
麻辣鲜香的水煮牛肉以后自己在家做！,蚊子-学做美食,113000,253
《爱死机》这集是杰瑞配音，还是个前传！杰瑞牛掰了一回……（爱死机第四季第五集·剧情解读）,安迪视频,76000,271
霖冬：背着老板 说他坏话（字面意思,养胃的霖冬,259000,384
公主说，她只是想要得到认可…,Mr-Ferret,107000,183
为什么极端天气会让人觉得兴奋？,尼采的胡子-,529000,800
紧张！！第一次接cos委托，和单主过520约会…,伢伢gagako,290000,494
简简单单羊头 久别的羊头,敦煌老马-羊头,1418000,1335
已被無印命名笑死,-青泓-,616000,444
麻辣烫席卷日本樱花妹成时尚单品！到底为啥？,平平出击,160000,783
边境丧尸检察官，你看看你的后面呢,主机游戏大b哥,6163000,896
【洲宝剧场】落枕的早上，斜门的世界！,三角洲行动,318000,341
法国最惨铁路事故，火车对撞重合一起，人变做纸片,三更研究所,109000,1554
权力大逃杀？什么仇什么怨，搞得疯川要手撕好莱坞？,世界见闻录,237000,675
时隔14年的回旋镖，LOL原班人马打造的游戏来了！,国电武术馆馆长,231000,696
糖笑糖哭纯享版,淮淮淮宁喵,534000,196
锐评藏海传：低智权谋加做作表演——郑晓龙也救不回来的演技，汪藏海被黑的最惨的一次！,浮生若梦六事休,107000,869
南京领养活动，最抽象的领养活动，现场得来了上万人,本喵叫兔兔,706000,744
我在噶前调戏了圣女，可她的表情怎么不太对劲？,秋Tian动漫,1696000,975
当你醒来发现自己躺在地上，请赶紧离开这地方！,与山0v0,246000,1585
穷剧组憋出来的绝佳创意，影史经典原来就是这么来的！,电影冷知识,609000,436
校门口摆摊火鸡面，1元1份年入10万？？？,上班族的便当,492000,675
说来你可能不信，我们老板真是一个好好的人呀！❤️❤️❤️,papi酱,1222000,1593
模仿不同地区的美食剧氛围？今天这期我也太忙了吧！哈哈哈哈,李如儒也是李蠕蠕,3553000,3334
挑战帮朋友戒掉网瘾，我直接把他推出家门！！！,雨哥到处跑,230000,2332
你可能不认识我，但这些视频你一定看过！,是个泡泡_Pao,913000,592
呲九门回忆11,真呲牙乐,86000,252
探秘全球最危险的酒店！住在悬崖峭壁上！2900米高海拔！,老李船长,227000,682
《unVEIL the world》开发前瞻丨集英社×网易联合企划，可以玩的王道冒险漫画！,unVEIL-the-world,626000,697
哪吒也就图一乐，真魔丸还得看丁真，表演艺术的极致体现,接二连珊妄想症,225000,1234
我忘了整个世界，唯独记得你,light是光华,489000,487
《巫师3: 狂猎》十周年纪念片,CD_PROJEKT,163000,342
人类的大脑为什么抵抗不了毒瘾？,李白尼的猜想,614000,892
澳洲魔法大师姐香皂已被华人网友们买空,澳洲买买君,1059000,333
【i-dle】'Good Thing' Official Music Video,i-dle_official,1009000,18000
网络热门长虫视频(95)男子为了博流量当众亲吻眼镜蛇？被咬了都不知道！,世界记忆大师龙雅,181000,1494
断剑重铸与两类男孩的成长之路，万字解析鬼泣和犬夜叉中角色的相似成长，对鬼泣6剧情的推测,坚硬法棍,77000,457
1000万换来的经验和教训,暴叔讲留学,639000,1802
CS最逆天的音乐盒,--旅店老板--,268000,163
《国产剧十大老公》：日子怎么可能和谁过都一样！如果在国产剧里选老公，你选谁？,low君热剧,231000,2516
乔尔回归，催泪闪回，第二季最心碎一集！万字拆解《最后生还者第二季》【第六集】,迷影至下Filmlast,166000,2129
【王刚探店】巨下饭的苍蝇馆子“样样鲜”，火爆腰花很成都,餐饮研究员王刚,162000,604
¥23835上海和平饭店吃到爽，你们要求重新发布的和平饭饭店来了。,小胖爱生活-本人,370000,1352
一种新型的发牌！,田一名sir,665000,11000
职场退货风波,派小轩,385000,183
提前祝各大学子金榜题名，人生道路一帆风顺！,_张天琪,1402000,33000
“小时候的夏天好像根本就不热...”,唯美风景线,2466000,1517
穿山甲带你勇闯二次元的世界！,演员陆二喜,88000,564
对不起我错了，下次CP还敢,野生鱼白,739000,146
算了，你肯定觉得没意思,阿文就是Aya,1014000,231
【睡前消息902】埃及“开东新区”将烂尾 塞西元帅准备进狗笼,马督工,186000,675
【高燃】2分半用五大三国名将夺走你的硬币！,含亮老师,191000,876
数不清充值了多少个648了，倾家荡产玩咸鱼之王，玩咸鱼之王，享咸鱼人生,老芒果OL,514000,764
以豪杰仙人之名缔造历史！40个648招募五星S忍传说自来也！火影首位8000万战力玩家诞生！这是我们共同见证的故事！,鬼叔黍,2562000,41000
当你提拔了，同事阴阳你，来看看亚当怎么回答,有个同事叫亚当,433000,41
关税过山车，特朗普究竟想干嘛？,小Lin说,1441000,7164
【歌手2025】EP01 陈楚生✖️《将进酒》,陈楚生,1655000,12000
"""这才是反派的顶级压迫感！""",名叫小玮,812000,295
玉米挞为啥这么火啊？研究那些网红玉米挞做法后我发现...,曼食慢语,826000,226
再见初恋。,妈妈再灭我一次,6213000,3770
离谱 连视频能p拉 还有什么ai做不到的？ Wan Vace 14B开源 扩充电影镜头,阿硕讲ai,259000,50
想象一下，在末日一只咬了丧尸的蚊子又飞过来咬了你一口……,刘惟与,106000,405
天津早点吃法教程之番茄挂面汤篇,团团的一家,305000,1282
【明日方舟】叉烧苹果派，烤一块吃一块！ @盐鱼料理长,盐鱼料理长,87000,280
隋坡：i之初体验,自动鬼畜中的WZ,457000,177
粉丝说啥我画啥｜这次画的是喷射战士,涂鸦阿纲AGANG,122000,222
中国最硬的集市！隐藏在云南边境，这玩意儿咋吃啊？,盗月社食遇记,731000,1669
520！跟着中国最牛的萤火虫科学家打卡“萤火虫”第一村！【主播说三农】,央视农业,113000,393
骨科根本照不进现实,糖窝瓜,1681000,181
2分钟，全是享受！！,苟酉goyo,1173000,4608
一人分饰多角是怎样练成的,二阳咂-,290000,174
球场铺草了，但好丑！在中国，从0开始建立一家足球俱乐部！,景琛chen17,242000,160
《桃花源记》文笔很一般，为什么要全文背诵？,有山先生,94000,892
我们就再哈气一遍♿就再哈气一遍遍！,大水母绚烂,466000,371
我会想念你们的！,Horcus丶,126000,74
年轻人第一台50系整机！4299！13490F+RTX5060+32G+1TB+B760M WIFI！,装机侠林BB,90000,134
【花小烙】为什么睡觉的时候会落枕？,画渣花小烙,1346000,2322
疯狂受伤！NBA伤病暴增到底为什么？低对抗才会受伤？,太吾车神,123000,803
瞎子第一次拜宗，就遇了到自己的仇家。新剧测试流量，没有流量就准备换剧更新，以后更新的作品都不会充电，不会充电，不会充电，重要的事情说三遍,虾仁无情,111000,156
【吸奇侠】极度的邪恶是什么形态？3K党、赏金猎人、美式武侠《姜戈》03,吸奇侠,89000,609
一个人开发游戏，新增物理桥，倍镜功能，水花特效修改，涟漪受击反应加大，枪口雾气，水花雾气，水面泛起尘土（个人主要还在学习阶段，边学边弄中，素材使用主页有说明）,我真的是建筑类设计阿,454000,557
《重返未来:1999》原创同人动画：「去了一趟世界末日」,特效小哥studio,653000,409
移轴效果下的黑神话变得好治愈,忘川无语,137000,134
【当 代 游 戏 消 费 现 状】,进击的金厂长,1314000,2475
当我在同学面前朗读他们的个性签名,量子驱动QD,1049000,911
当把家里变成东北大食堂..,河马君,289000,164
双枪会给出答案,爱雄泽,3840000,733
牙买加少年想当网红，结果直播PK赢了后被爆头,糟糕的历史-听文知,1102000,1636
《如此AA》,李宗恒Actor,1536000,725
极致反转，多重解读，女主到底疯没疯？看完我快疯了！深度解读烧脑悬疑片《上帝的笔误》,小片片说大片,816000,2011
科普宝马伤脑筋，贴脸开大我伤心,车小白-,168000,374
建一个红石机械硬盘!,一瓶炫彩,576000,369
【陶喆】第8張錄音室專輯 | 〈陪你〉MV 520浪漫告白,陶喆的音乐产房,85000,490
【配音】模仿台媒 | 够味吗？可以去台媒报道了吧！,瑞波Riber,1004000,1662
【搞机所618DIY电脑配置推荐】电脑小白该怎么配电脑？进来抄作业！半小时教你选对配置！,搞机所,179000,239
安姐读能天使的作业,八折人,325000,29
【明日方舟】GOGOGO出发喽！,磁悬浮呆毛,239000,170
甘肃民勤的商家令我震惊，民勤份量，相互奔赴。,superB太,347000,381
号称广东特色的清水打边炉，慢慢浸佢慢慢叹佢，味道真的好吃吗？,馋大鑫,367000,920
“因为我是那个唯一”,烦得抠,1260000,189
好好说话很难吗？这4种网络烂词别再出现了！！,美鹿莎,456000,980
挑战芙宁娜命座对应歌剧 第一命,田钟裕,266000,207
还好我手法高超，否则这波就拿到人头了,磊哥游戏,627000,565
众所周知，大学生在月初跟月底不是同一个人。,俊鸿,1731000,382
救死扶伤！！死伤怎么来的别问,老番茄,1852000,3591
模仿精致女生在服务区过夜，第一次哭,提款姐,161000,357
【自学画画】这个怕是有点痛哦！,林克斯先生Links,275000,110
出个高达因为太高差点被门“单杀”,魔改丶老K,2703000,417
过度解释那就很过度了,真子日记,1874000,2393
让萤火虫带着你逃跑！！,随缘小童,95000,289
酝酿10年，哥特狂魔为你演示手办的终极奥义《僵尸新娘》剧情拆解+细节隐喻分析【上】,一起干杯叭,653000,966
“抱歉，我只是一个机械师”,-天使的心-,340000,179
做过国宴，做过接待，但是这一顿不一样,万能工具人阿伟,151000,552
一首半夜写的曲🤤,lingyi01w,229000,206
你可能不记得我？但一定听过我的歌【M2M少女组合】,M2M_China,771000,2841
剧TOP：你熟读《三国》有啥用！9.2分经典国产剧《大染坊》P4,电影最TOP,193000,1597
我们谈二游流水下滑，不能只谈流水下滑~,亚食人,124000,560
我会让你，更痛快的!,直面泰山,315000,425
火麟飞初见玄易子，玄冥匙开启引祸端,刘成lcc,793000,290
把上海和平饭店和酒店早餐自助一起吃了！,密子君,374000,1214
12岁女孩不怕月经羞耻，只怕月经发胖,鹦鹉梨,950000,379
520爸爸给我爱吃的飞踢,凶鸭栗,180000,168
学了五天动画和一天建模做出来的星期日技能特效,便当士,788000,3094
挑战晨宇炒饭给华晨宇吃，没想到竟然……,记录生活的蛋黄派,1387000,6324
路易十六的头现在在哪？有照片吗？？,法兰西小欣欣,441000,1984
恭喜刘总新婚愉快,延边刺客呀,1047000,971
提车了,脱缰凯Kk,1012000,2428
你可能不认识我，但你一定看过我编的剧…吧,至尊玉277,500000,874
特厨隋卞事件。裂穴正常，但这么难看的裂穴从未见过。聊一聊特厨隋卞账号风波,老猫鱼不吃鱼,318000,3159
对不起大家，这么久没更新，我们尽力了。,玉米提的奇幻日记,1055000,559
曹骏：沉香执斧再劈山，不为救母只为救己,我是一只粽子啊,170000,577
自从开始玩九喇嘛鸣人，我开始有了爱笑的好习惯,火影手游G木生,492000,214
风堇：超市里的…小伊卡？【菈崩铁】,宝菈卟妞BOOM,301000,200
这是一条增加手感的视频,Dark_代剪主页v,444000,151
打牌需要技术 玩勘探员也需要技术,她曾说我勘探帅,513000,289
NS2游戏性能首发： 畅 玩 2 K ！ 神 仙 优 化,阿狸才不是受,196000,880
告别三年学生头 解锁人生新阶段,汤薇Tamy是女生,524000,117
黑暗残酷！燕云凉州版本到底讲了什么？,利维坦mY,114000,149
高考语文做题全流程极限过，考前抢救！,诺千金姐姐,754000,11000
《海星的防御》电影版，最后三天，风雨欲来,海星动画,377000,640
【硬核】花了六个月，我做出了一台原子力显微镜!! 手搓原子力显微镜AFM （终）,机械小熊猫,103000,253
43度酷热来了：北方极端高温已破纪录，五月这么热盛夏怎么办,中气爱,488000,1442
死缓不想缓了可以申请立即执行吗？,183的冯律师,2238000,2897
《谁给我买的站票》,伤心欲茄222,3471000,867
外卖员——跳槽咨询师,朱山浪,989000,244
那我呢,妥妥子,132000,86
我发现恋爱中撒娇真的很有用！,神经酋长,782000,316
最清纯的人形！《少女前线2：追放》北兰岛避难所广播第二十二期正式播出！,少女前线2-追放制作组,130000,1447
at你那两只手都玩不明白暗区的朋友来看,有鱼暗区抽象,187000,148
【英雄联盟】名人堂入选纪录片预告：Uzi,英雄联盟,1110000,13000
“当看见脸上的AK你没有捡时，我就知道你回来了”,CSGO自分z,243000,115
水资源战争：共享河流的国家，上游断水堪比核弹,赛雷三分钟,297000,839
勇闯开封路边摊宇宙，爆辣麻辣烫配超大鸡蛋里脊！,小紧张的虫虫,412000,804
《别惹露姐》,龙三条,236000,1203
单依纯《珠玉》百万豪装录音棚大声听,JLRS-LeoFM,442000,378
专治邪恶银渐层,喵小弟d,1766000,3278
1个人花51000日元在日本顶级餐厅吃熊掌，难得一见的肥润油香！,渣叔爱酒,465000,625
RIIZE《Fly Up》MV,SMTOWN,250000,3084
上帝次子横扫清军 ! ？看太平天国运动如何爆发(上),酒痴东梦,349000,1184
空调,激光小野牛,3637000,498
买油好还是买电好？不买最好！,超哥超车666,93000,695
德国公公空降中国突袭四川亲家！老爸吓到结巴！老妈泪洒团圆家宴！,德国陶渊明,346000,2086
《熙熙攘攘，我们的A大》第十话：『神人比赛』,不近女色肖某人,501000,612
什么叫惊喜？高端炸裂的三蹦子广告,我是温酒啊,403000,843
【补档】史上最快乐知否全集,让让悠哉大王,111000,339
[b站扫盲计划24]B站lv6到底是有什么用?有哪些专属特权?一个视频带你了解b站等级的一切！,面壁者牢波official,227000,363
制裁犟嘴女主播,悠悠球琛总,633000,518
⑨,强走药大葱,632000,121
【狮简评】SS＋级大炮，最强输出战列，三甲第一，无限持续可传播特殊点燃，团队泛用易伤辅，团队RDPS也是大炮第一,井号5467,190000,550
鸣潮一周年：你不知道的63个优化细节！【不乐得】,不乐得,216000,1979
我有34个粉丝了！,不会编程的方块人,165000,875
【超限杯】当五个超级黄金对阵OWL职业选手，他们能否续写王朝？,超级白鸽_,70000,1634
魏厨豁出去了！带大家看看博山官府四四席是咋回事——博山四四席,特厨魏味-,304000,998
用好景别，你的视频才能上升一个台阶｜视听语言,Jackie兄,1693000,1396
【鸣潮二创动画】现代最强 vs史上最强,月明今汐,232000,73
华为的折叠笔记本使用起来有多么神奇#华为鸿蒙电脑#华为折叠笔记本#科言说科研,科言说科研,1146000,3300
我还有好多故事要讲呢,iZZe-To,1273000,118
保姆级教学视频，一个蘑菇炒肉一个番茄炒蛋,灶台阿连,262000,476
冲破封印，赤红查克拉撕裂战场！,火影忍者手游情报君,585000,531
2025上半年比较可惜的古偶盘点：希望它们能够有长尾！《无忧渡》《念无双》【铁柱】,铁铁铁柱_,76000,1089
开箱国内首台新世纪福音战士初号机柏青哥男人的快乐就这么简单,beijingbeian,844000,839
泰式凉拌三文鱼，“有手就能学会”！酸辣适口，3分钟搞定~,老饭骨,108000,152
过来！坐下！粉红暴君炸翻全场【1分钟动画剧场】,辛som,334000,412
我做了一款二次元游戏,一只大哈鱼,363000,1693
当我问了一个让老师怀疑人生的问题,周小瑜SAMA,828000,565
2025年，30岁流水线工人生存现状调研,全嘻嘻,1254000,4784
打开书本里的世界｜在德州买枪就像逛超市到底有多夸张！,何香蓓Betty,578000,1466
用两年多记录这棵矮霸重樱大树的成型过程，也是我发现重樱这棵品种后做的唯一一棵成品，是不是你的梦中情树呢,爱养月季的阿辉,933000,558
陈翔六点半：当用谈恋爱的方式谈客户,陈翔六点半,252000,908
【新版本】僵尸大战,潜艇伟伟迷,283000,332
穿越火线:CF一款半自动点射神枪，伤害非常爆炸！,穷困潦倒的翼语-,318000,12000
现在还能坚持玩上单的，你是这个👍,三桥qzg,550000,768
父子相认！士兵男孩和祖国人最泪目的一集！,秋梨电影,1413000,380
原来这就是，没有主角光环的AE86…,极速拍档-NANA,83000,392
华为MateBook Fold非凡大师首发开箱：折叠电脑是个什么体验？,Eva的科技生活,791000,8247
重庆小面太好吃了！再创纪录怒吃21碗！,干饭三健客,637000,1350
骂声一片：联大纪念二战胜利80周年，各国火力全开,小Q不是导盲犬,1595000,25000
轻轻一撞，几十万没了？！！,键盘车神教,301000,1674
记录古印度神佛大乱斗 佛为什么异化了？【思维实验室】,思维实验室,1236000,4894
我竟然探班了《歌手》直播现场？还敢当场锐评？！,LIKEMUSIC,147000,880
配了台300万的电脑,赵温豪,384000,1337
《英雄》李连杰这一剑刺出2.5亿，无名最后不杀秦王，才是真正的英雄,布谷讲电影,1260000,1893
初中就出国了 但挑战下讲高考数学题【会动的数学|天使猫猫酱高考特别篇】,天使猫猫酱,362000,199
萌新花20000元玩【皇室战争】！被虐到去求助Deepseek!!结果竟然.....,下头男小柏,100000,418
生 命 自 会 找 到 出 路 Ⅲ,知了解压萌物,329000,884
笨蛋画师的eat小知识and小技巧,忆刀999,641000,305
个别吃播大胃王如何起号,周小闹是周小闹,727000,111
女朋友问我，为什么台湾旅行要特地安排一天去基隆,冷水煮乐器,69000,1328
【半佛】蜜雪冰城击倒了我,硬核的半佛仙人,306000,307
《鸣潮》共鸣者「夏空」PV | 我们依旧歌唱,鸣潮,1072000,6127
公共场合不要光膀子！,我是钟美美-,459000,252
《微胖男孩对线善良之手》,剑魔-king,676000,295
【跑刀趣事】当食尸鬼是对的！！,库库_sama,250000,265
单依纯太绝了！外国音乐人看《歌手2025》第一期被排名惊呆【中】,拉美小姐姐Waleska,251000,1418
年纪越大越矫情，吃够CP红利切割失败，注水影后当细糠！马丽的卖惨为何恶心又搞笑？,吃瓜郭昱麟,892000,2891
浙江大学校园十佳歌手大赛冠军得主江颢演唱《我的祖国》完整版,浙江大学,120000,236
胖龙赴宴高规格饭店，一桌菜1500，菜的品质怎么样？,胖龙的小生活,397000,554
来吃和平饭店,吳半饱,606000,1388
一只奇怪的公鸡闯入人类世界，该如何自我救赎…,王大秀才logo,271000,915
（overlord第101期）为什么天武小队的森林精灵会想要害死自己的主人？,废话多的飞鱼丸,97000,789
他笑着关心所有人，却让尸体堆成山！2025最新悬疑日剧《灾》杀疯了！,噔噔悬疑社,531000,758
为了让孩子提前感受职场的睡前故事,方葵花,105000,200
【RAY评】真实锐评歌手2025第一期！,阿张RayZhang,1082000,5829
老板一秒速通了我的游戏,在下乌鸦有何贵干,250000,184
【土澳留学】还没毕业先当上了三胎宝妈,超级天下无敌炒鸡蛋,63000,121
Don't say ''lazy'',Air空修,406000,268
我的行为vs妈妈看到的,西维西师傅,2205000,219
来了京都旅游，才知道这里为什么是日本人的家乡...,超Carry的柴西,853000,6362
全新模式《七日世界：禁区》首曝！无限对抗生存之战即将爆发！,七日世界官方,607000,191
为爱奔赴电竞比赛！陪老公追梦的一天！燃了！！,少年五之歌,126000,170
做碗爽滑的南昌拌粉！配皮蛋瓦罐汤，香哭了！再拌个爆辣藕片，绝啊,了in林,102000,441
穆迪下调美国信用评级，美联储鲍威尔暗示，长期低利率时代结束,星话大白,101000,79
美国的抽象轻坦 终究没能活到全速生产,克利咕咕兰,329000,2056
【原神】雨阵奔流之述演 (5.21已更)活动攻略/阵线的形成/枪刺与射击/围攻的技术/动量的科学/原神5.6,你的影月月,182000,241
超燃漫改神作《幽游白书》，哪个角色是你童年最爱，真正巅峰对决,摩斯神探,1661000,1346
特朗普出访中东，喜提3.2万亿总投资，这波特大赢！,麻薯波比呀,1476000,5280
为了自证清白，爷爷当场吃了自己做的香……,何凡非遗宣传,315000,92
【诺子】失明之后从广美辍学的我 带着导盲犬再次回到这里,诺子喵呜,417000,674
【618电脑配置推荐】停更20天，做出全网标杆，教你搭配RTX5060，再次定义测试推荐，补贴直击底价,船长总动员,372000,149
歌剧老师锐评《歌手2025》第一期（上）,铁豆钢蛋,844000,14000
第12集 打不过，摇人,在下晚秋,74000,340
【特兰】曼联决赛跟热刺好打！太好打了！,少年特兰克斯,69000,564
特价菜9.9的肘子香到犯罪！一口肉一口饭，吃得停不下来～,方芳的快乐生活,357000,1194
天哪！居然造了【 我的世界 】主题乐园！！！！！！！#5,超果果mc,2638000,1263
【断网补全计划82】你可能不认识我，刚买的飞机被打了，霸总吃饭，猫咪蹲，刘畊宏清场，手办涉黄，英语邪修，清朝打印机，跳舞电动车，必胜搭法,瞎问虾猜丶,1262000,3596
“考试可以重来，生命只有一次”,央视新闻,273000,891
爱一个人是藏不住的，但三个......,寅山,1130000,748
接受平庸不是逃避，别让欲望击垮勇敢的你,赵的火元,564000,331
丧尸危机爆发，带你们去看看我加强版末日地堡的宅男快乐屋！,小帅家的大狼狗们,295000,100
印巴冲突神剧情，莫迪法术现眼了，台湾一堆幻影2000怎么办？【岛岛连线】,小王Albert,853000,4407
千万粉丝网红在菲律宾撒野，结果葬送了人生，被监狱环境吓尿（笑）。网红Vitaly从崛起到人生毁灭全过程--悬案 刑事 调查 奇闻 档案 迷案解读 尽在光暗杂学馆,光暗杂学馆,942000,2311
熟悉的抖动S1mple归来了，一绿带四红难拿首胜。,AYCS2,252000,352
WBG六连败单曲《一眼晚年》,蔚蓝边际,549000,826
《功夫》爆款拉片！一直穿云箭，千军万马来相见！,伍先生的电影笔记,4086000,749
暴跌58%，2年亏了70万！“保值率之王”劳力士，跌下神坛？,财经不眠姐,266000,909
最详细分析！西决前瞻！亚历山大和爱德华兹谁更强？,业余球探刀先生,176000,903
名字像法制节目的姜、赵四般的虫……马来雨林怪虫太多！,无穷小亮的科普日常,661000,2334
【首发评测】5060桌面端首发评测,硬件茶谈,225000,665
Switch2 上手体验！实机表现到底怎么样？,贪玩歌姬小宁子,958000,2432
我宣布工作暂停！来看MV！Biu！Biu！,小精灵real,256000,152
耗时半年自制《剑来》真人版！不是电视剧！,Hello吖小志,548000,601
南京去年火爆全网的十元手冲咖啡！一年后变这样了……,尔东木子_,1070000,280
沉浸式体验吉林马拉松带小赵半马PB,大正爱跑步,441000,410
你大爷的逆天回答,大森子哈哈哈,1804000,1883
整个新游戏跟猫玩，给我俩玩疯了,搬三千的砖,991000,981
一个人如何越活越精神,那就叫王师傅吧,3599000,2281
北极驯鹿大迁徙,摄影家罗红,315000,87
上山若水,刘大炮007,1086000,367
有关520情人节的重要通知,高寒时薪十块,222000,655
【单核】VEC-12,小鬼卡比,65000,234
AI籽岷为何如此愤怒？！ 七彩虹iGame M16 Origo,籽岷,155000,300
TheShy：不好，我的炮车！,TheShy,486000,82
千元内基本没对手！27英寸 2K 210Hz刷新率 质价比扛鼎之作！KTC大师27M1体验评测。,天才赵德柱,132000,827
【圣经系列】39岁大姐觉得做奶茶干净轻松，花17万加盟月亏7千，还想换位置继续经营，勇哥：我看见这个品牌就烦！,勇哥餐饮圣经,356000,3816
小而强？！全新ROG NUC2025 表现如何？？,二斤啦啦啦啦,172000,153
帮了一次就得寸进尺，那就只能把之前的帮助撤回了~,北斗星阿帅,545000,342
让我看看特厨隋坡一个手艺人的违约史是什么个事,深蓝PMS662,443000,487
特色手办陷入案件，究竟犯不犯罪？,郭庆梓律师,287000,162
严厉窒息的家庭每天都在“博弈”,晚安羚羊王子,1116000,53
根据你们的建议，防溺水袖珍求生盒 再次重要升级,一诺求生录,2575000,800
海外即兴小半辈子，可最愿意把心中旋律留给老家的江边。,音乐人张筱迪,971000,318
聊i-dle改名后第一次回归,长腿嗑叽君,189000,1411
【登陆少年】520特别企划：见面吧！在今天的五点二十分,登陆少年组合,152000,28000
阿斗：出师表好背！太好背了！,冷淡熊,153000,325
爷爷花千元网购的石磨！值吗？,开箱嘤嘤怪,488000,1797
回归房车旅行：两个月没见，车内电池耗尽，冰箱里鸡蛋都长毛了,杨旭游记,125000,668
你可能没见过我但一定见过我做的武器#吾为卿狂之,吾为卿狂之,577000,253
追到一半发现对方很有钱后放弃了,争当冲向食堂第一名,202000,994
【碧蓝航线】精打细算！特拉法尔加获取攻略，先别拿Pt换，能靠任务白嫖1+3/4只，萌新稳稳兑换出一个，三款不同入手方案,猫姐姐nya,127000,190
定分枪分数有无明确算法？3.3前能否猜中风堇分数？,托比昂首挺胸,89000,225
仗劫走天涯 | 永劫无间x虹猫蓝兔七侠传联动5月22日上线！,永劫无间官方,201000,1450
队友的呐喊 肾上腺素的飙升,風令秋,1021000,205
「科技美学现场」超大号折叠? 华为MateBook Fold 折叠屏电脑快速开箱,科技美学,454000,2895
这只渡鸦很喜欢人撸它的鼻孔上覆盖的绒毛。。。,梨子的小可爱们,186000,271
【一颗洋葱】520特别献映，请像洋葱一样肆意爆发吧！,深蓝汽车,1549000,87
【科学史】小型猪：我要做人了！,芳斯塔芙,981000,4310
【高考最后十课】概率统计篇！2025高考冲刺！,一数,1092000,12000
你以为耳机在降噪，其实它在预判未来 0.001 秒...【差评君】,差评君,1612000,688
排面！和央视新闻一起拍节目，我终于学到了怎么买洗衣机,先看评测,267000,147
【柯南】侦探队亲眼看到歹徒，结果却怎么也找不到，西瓜带你回顾扇泽沙雕原创案件《柯南不在的日子》,西瓜说柯南,109000,603
到了爱的尽头才发现亲吻和谩骂会出自同一张嘴…,高天天天翔,1003000,1556
小伯恩山爱抢食，直接一巴掌下去，眼神立马清澈！,哈仔十一,378000,1434
激光“大炮”砍大树！网友：这到底是“六脉神剑”还是“一阳指”？,人民日报,2291000,731
520举了谁的铁,马哥巨离谱,365000,1418
第四次忍界大战,阿拉丁狗蛋儿,139000,212
中国财阀的顶级晚餐,一只不肥的宅,681000,819
不要偷吃美术生的水果静物,雪酥柒,228000,93
【矢量突破】VEC-12 六人法蒸 简单好抄,__Mioo,200000,207
【碧蓝航线×May'n】8周年主题曲「the SEA has dreams」特别纪念MV,碧蓝航线,2472000,17000
绿色峡谷归来！新版本启封秘籍螃蟹是对的！,攻其不备螃蟹王,425000,778
光子强大的技术力？FF14手游公测内容爆料！【联合评测】,顾跑跑,99000,1120
5060=4060Ti大力水手4威力增强节能版,远古时代装机猿,258000,757
【雍正王朝41】四爷党为何要费事搞一出假的失窃案？,貔柴,259000,1244
笔记本RTX 5060首发性能分析：约等于 140W 4070+DLSS 4,笔吧评测室,401000,962
国外声乐老师如何评价 谭咏麟《讲不出再见》LIVE舞台 REACTION,JKAI杰凯,315000,2930
你给我闺蜜拔罐儿了是吗？,小余皮得一,978000,1269
Bob的省钱小妙招！,一串大福,261000,446
你是一个传说自来也玩家,叶忍菌,818000,169
《月入8万精致自律名校学霸赏析》：神金！剑桥学霸早上5点起来学小学英文？！,正经的老邪,759000,4045
520特别节目,果腹后羿雪饼,224000,430
哼，想逃？,阿猹T-T,54000,316
【0配超扶贫计划】最强の算替技巧和低配超影思路！,筑梦不是猪梦,283000,330
赛博孙悟空捣毁牛魔王电诈园！,钢铁西游,348000,143
朴实的大叔,看我吃掉你了,1013000,474
如果把我的答辩拍成综艺,小叮当的伙伴们,1189000,1503
奥地利破财记（第二部）,反常乌云,122000,297
后悔了，31岁没结婚没孩子还在搞二次元……,饺妹饺妹,509000,370
不一样斗嘴恋情！主角精神领先十几年《爱情面前谁怕谁》~,虫哥说电影,285000,2590
”什么？！住酒店染上菜花？“,口口医生在这里,775000,626
【星穹铁道】泛用奶妈，还能主C！遐蝶玩家必抽？风堇角色测评+教学攻略,赫箩的苹果,81000,125
珍品无双？又来一个新品质皮肤！,杨道理不吵架,382000,840
【散人】手刃仇敌！复仇暴击！燕云凉州剧情杀疯了,逍遥散人,130000,190
【鹅卵石】为什么要躲｜虫棍配装从开荒到阶段性毕业,鹅卵石惊险又刺激,79000,373
超详细，首款鸿蒙折叠电脑开箱！华为MateBook Fold 非凡大师，这就是未来,吴小杰WJie,343000,1127
这应该就是双向奔赴吧（物理上的） 恋爱日常,王悬铃,565000,445
当日本社畜错过末班车后,东京_浪君,3258000,159
这种感觉是喜是悲。,古泽源,428000,54
相亲基地已经桃李芬芳，草莓吃了一批又一批，依然没能等来相亲的，今天只能出大招打造撩妹神器,黄天麒l,95000,1350
鹿神宿舍爆改easypunk适合国人亚洲人的发型,辣比小心-理发记,1742000,977
我哭了，我的画被盗版只卖1块钱,我是超人cr,1285000,385
写一封寄不出去的信,祁么么mo,921000,203
发现了 真 动态笔刷！,MEspace天植,2764000,267
假如在coser背后，用唢呐吹他们的角色主题曲【1999篇】,浑元Rysn,482000,273
人生不过三万天,阿宅寒星星,515000,395
我自愿放弃择偶权,少吃点布洛芬,158000,504
此视频纯属虚构,七颗猩猩QKXX,1450000,1256
生娃的疼痛会忘记吗？硬核生娃聊天局｜居然还有这么多不知道的事！,可妈可吗,891000,774
今天做的好人好事浓度超标了~,静静香__,650000,140
《剥 蒜 的 情 谊》,独焰,394000,216
全近战六星干员 VS 满被动骸骨拷打者，暴力鞭哥！【明日方舟】,樗柒ヽ,195000,1511
【星铁】风堇喂饭级攻略！是专奶？更是黄泉/刃/万敌等角色的好搭档！,粥粥的终极理解,76000,505
10000血400攻击力400护甲蒙多，对面：这是人？,风彩丶,181000,701
往事之大师兄的压力面,迂磨二公子,450000,276
啊？一觉起来 我成世界级歌星了！？,不凉少年派,643000,156
这是一个“不可能”的故事 六年从月入2000的普工到年入百万的暗区作者 努力改变命运,纯真的向死酱,678000,1400
树的画法，只有8.45%的人学不会,阿奔的钢笔画,1083000,948
第一视角带你沉浸式体验修家电师傅的一天,超越家电,1458000,2399
为何稻田里的黄鳝有不一样的,黄凯户外生活,2358000,1772
看看茶麸饼是怎样拿来洗头的？,山野农夫高山农场,2655000,1958
为了赚钱！带女友飞往澳大利亚寻找巨大蓝鳍金枪鱼。。,大豪夫妇,526000,1194
好消息：捡到狗了！坏消息：疑似是智障……在线征名，叫什么好呢,梨园长,578000,1076
龙兽医单干了，和儿子说拜拜，自己踏上了治愈之路,龙腾虎跃龙兽医,4390000,4934
她走出大山又回到群山，用20多年把2000多个孩子托举出大山,我是九日儿,341000,543
上门喂猫接单竟然接到了臭卷宝家！,团宠酸奶妹,701000,952
教外地人如何在茂名成为一个搭客佬,小小汤鸡佬,596000,64
自制多胞胎婴儿车，奶爸神器,手工耿,1468000,15000
21世纪童话故事之“小矮人取了白雪公主”,山城小栗旬的理发日记,398000,297
无敌了！第一次玩明日方舟，就爱上角色了！抽了！,时晏Giulio,345000,610
【2025LPL第二赛段】5月20日 TES vs BLG,哔哩哔哩英雄联盟赛事,574000,4786
AI反作弊测试，全游戏0封禁,i悟光,157000,476
血魔宗禁忌修炼功法教学,天骐只卖998,281000,321
超级地球保卫战丨《绝地潜兵2》超级重大更新“民主之心”现已上线,绝地潜兵官方,257000,830
菊部暴雨！上厕所怎么压水花，防止屁屁被溅湿？,京东家电家居采销团,3288000,1372
评论区摄影大赛,摄影恩哥,1691000,6476
为什么不能打孩子,潍坊警事,1250000,299
我是来终结这场「饿」性循环的！！！,马刀刻森,906000,3045
为了网恋美国女友赴美打工的一天，小老外看到我工资单震惊了！,LucaandKim,800000,652
这些工作 给狗狗都不去（四）,江南第一工厂,2110000,149
逼疯老板第十七弹！爱吃手抓羊肉的你有福了！,陈嘉伦整个路人,860000,698
蒙 鼓 人,张八筒筒,832000,200
西湖醋鱼 果然名不虚传 应该直接倒湖里,地位极高硬气鑫,1156000,3300
张家口689元越野跑自助餐，17小时畅吃5顿自助，能回本吗？,橙飞一下,426000,2861
当护理部遇到克星,孔小白-,1851000,62
这还是你梦想中的夏威夷吗？走进夏威夷不为人知的另一面。,叛逆少女刘开心,298000,1314
《 妙 鼠 神 探 夏 洛 克 · 鼠 耳 摩 斯 》,芦苇十三少,881000,370
快叫你朋友来看烧骰子挑战进阶版,管不饿,1505000,530
长这么大第一次去音乐节，居然这么刺激的吗？,-欣小萌-,1002000,930
抽全套慕夏竟然要1万6千多点券？up主试水貂蝉珍品无双新皮肤！,王者荣耀云追月,158000,502
贵州发现一人家竟独自隐居在大山里，四周方圆几里荒无人烟，环境与世隔绝宛如世外桃源,青云迹,173000,895
丹恒全程单通差分宇宙千面英雄V6，比起差分宇宙，还是更加喜欢你！,念熙阿,107000,990
艺术无界，时光永恒，王者荣耀X阿尔丰斯·慕夏 |「貂蝉-馥梦繁花」皮肤已登场！,王者荣耀,825000,4490
融合植物237：地刺缠绕水草与铁桶毁灭菇！,蓝飘飘fly,265000,842
人一有钱了，就开始报复性消费,珊珊爷丶,1204000,132
红警印度板块一块地！这么多小肉人在观战！,红警HBK08,400000,1388
北京体育大学有条＂冠军之路＂，你听说过吗？,奥运冠军王丽萍,2063000,75
《守望先锋》x《街头霸王6》| 游戏预览,守望先锋,269000,470
全地面六星干员 VS 满层食腐使徒，好像有树人来袭！【明日方舟】,-碱式碳酸咸鱼-,299000,1448
【碧羽飞黄射天狼】在520这一天祭拜狐英像，和狐人将军一同闪击司辰宫，沉浸式体验曜青的生活！【一起看崩铁2.5版本前瞻直播】,林鸽不是鸽,75000,3187
三国杀up锐评新三国106：慈善大家诸葛孔明，直接散尽刘备家财,吃蛋挞的折棒,376000,7057
【矢量突破#1 无机物】全关卡 尽量摆完挂机 简单好抄,萧然Q,5064000,6036
【DNF手游】火力轰炸，弹无虚发！机械师、弹药专家CG上线！,地下城与勇士手游,1037000,1006
当梦想照进“积木”!！喜提赛道猛兽阿斯顿马丁Valkyrie,有车有肉的肉肉,417000,865
沙丘终于出游戏了！巨物沙虫，沙漠生存！,大老师Sam,800000,1128
